item_id,title,genres,tags
1,The Shattered Storm,Romance|Thriller,feel-good|underrated
2,The Endless Ascension,Thriller|Animation|Romance,dialogue-driven|slow-burn
3,The Fractured Empire,Comedy,underrated
4,The Midnight Mirage,Romance,based-on-book
5,The Shattered Kingdom,Thriller|Comedy,award-winning|twist-ending|blockbuster
6,The Fractured Symphony,Romance,slow-burn|dark|blockbuster
7,The Broken Paradox,Comedy|Thriller,cult-favorite|family-friendly|feel-good
8,The Neon Mirage,Horror,underrated
9,The Silent Harbor,Comedy|Romance,blockbuster|visually-stunning
10,The Midnight Labyrinth,Romance,slow-burn|dialogue-driven
11,The Frozen Empire,Romance|Comedy|Thriller,award-winning
12,The Midnight Reckoning,Animation|Horror,dialogue-driven
13,The Velvet Frontier,Romance|Horror,blockbuster|slow-burn|classic
14,The Distant Paradox,Thriller,classic
15,The Eternal Echo,Thriller,underrated
16,The Sacred Kingdom,Romance,blockbuster
17,The Fractured Harbor,Thriller,indie|visually-stunning
18,The Sacred Shadow,Thriller|Horror|Animation,dark
19,The Golden Legacy,Romance|Comedy,dark|twist-ending
20,The Sacred Garden,Comedy,cult-favorite
21,The Endless Symphony,Thriller|Sci-Fi,underrated
22,The Velvet Journey,Romance,based-on-book|dialogue-driven
23,The Burning Journey,Horror,dialogue-driven
24,The Eternal Horizon,Horror|Action,dialogue-driven
25,The Broken Descent,Drama,based-on-book|slow-burn|underrated
26,The Broken Reckoning,Action,indie|feel-good
27,The Crimson Horizon,Documentary|Thriller|Drama,classic|cult-favorite
28,The Midnight Signal,Comedy,visually-stunning|indie|classic
29,The Velvet Harbor,Thriller|Animation,award-winning|underrated|slow-burn
30,The Golden Voyage,Documentary,based-on-book|blockbuster
31,The Hidden Ascension,Romance,award-winning
32,The Velvet Signal,Animation|Romance,family-friendly|cult-favorite|award-winning
33,The Wandering Reckoning,Comedy,family-friendly|visually-stunning|based-on-book
34,The Frozen Paradox,Thriller|Romance,dark|classic|underrated
35,The Quiet Paradox,Horror,award-winning
36,The Burning Symphony,Horror|Thriller,based-on-book
37,The Silent Echo,Romance,feel-good
38,The Broken Legacy,Romance|Thriller,twist-ending
39,The Midnight Symphony,Horror,visually-stunning
40,The Hidden Legacy,Animation,cult-favorite
41,The Frozen Echo,Sci-Fi|Action,dark|slow-burn
42,The Midnight Echo,Romance|Animation|Thriller,cult-favorite|feel-good
43,The Broken Mirage,Documentary|Horror,indie
44,The Velvet Reckoning,Thriller,dialogue-driven
45,The Forgotten Labyrinth,Thriller,franchise|slow-burn|underrated
46,The Quiet Labyrinth,Thriller|Comedy,franchise|family-friendly
47,The Fractured Signal,Animation|Thriller|Horror,blockbuster|visually-stunning
48,The Midnight Empire,Thriller,dialogue-driven|underrated|dark
49,The Sacred Horizon,Drama,feel-good|classic
50,The Last Frontier,Animation,slow-burn
51,The Forgotten Voyage,Thriller,family-friendly
52,The Midnight Voyage,Horror,underrated|slow-burn|visually-stunning
53,The Velvet Legacy,Thriller|Fantasy,franchise|blockbuster
54,The Forgotten Harbor,Romance|Action,indie|feel-good
55,The Frozen Legacy,Comedy,underrated|visually-stunning|indie
56,The Endless Kingdom,Thriller|Romance,based-on-book|classic|dialogue-driven
57,The Silent Frontier,Comedy,dialogue-driven
58,The Shattered Empire,Documentary|Animation,classic
59,The Sacred Empire,Horror|Thriller,award-winning|classic
60,The Distant Mirage,Thriller|Drama,indie|franchise
61,The Crimson Garden,Horror,dark|dialogue-driven|family-friendly
62,The Midnight Frontier,Animation,slow-burn|cult-favorite
63,The Golden Ascension,Horror|Thriller,slow-burn
64,The Fractured Reckoning,Thriller|Horror,franchise
65,The Quiet Voyage,Horror,feel-good
66,The Last Symphony,Animation,award-winning|feel-good
67,The Wandering Storm,Thriller|Romance,visually-stunning|franchise
68,The Broken Garden,Action|Thriller,classic|twist-ending|feel-good
69,The Midnight Shadow,Thriller|Romance,visually-stunning|twist-ending
70,The Crimson Voyage,Fantasy|Animation|Thriller,cult-favorite|franchise|dark
71,The Neon Shadow,Horror|Animation,underrated|feel-good|award-winning
72,The Neon Voyage,Comedy,award-winning|underrated|slow-burn
73,The Wandering Harbor,Action,dark
74,The Broken Horizon,Thriller,franchise
75,The Velvet Labyrinth,Thriller,cult-favorite|indie|blockbuster
76,The Crimson Legacy,Animation|Drama,indie
77,The Burning Shadow,Horror,underrated|cult-favorite|slow-burn
78,The Hidden Signal,Thriller|Romance|Horror,indie
79,The Hidden Voyage,Horror|Documentary,feel-good|family-friendly
80,The Distant Storm,Horror|Animation,dialogue-driven|indie|cult-favorite
81,The Midnight Horizon,Horror|Animation|Romance,franchise
82,The Hidden Journey,Romance,indie|award-winning|blockbuster
83,The Last Kingdom,Drama|Thriller,underrated
84,The Distant Garden,Thriller|Romance,based-on-book|award-winning
85,The Fractured Storm,Romance|Horror,based-on-book|indie|award-winning
86,The Distant Legacy,Thriller,blockbuster|underrated
87,The Fractured Ascension,Animation|Documentary|Romance,underrated|visually-stunning|blockbuster
88,The Forgotten Shadow,Documentary,dark|cult-favorite|classic
89,The Shattered Shadow,Drama,award-winning|twist-ending
90,The Last Shadow,Animation|Thriller,family-friendly|twist-ending
91,The Endless Labyrinth,Romance,dialogue-driven
92,The Sacred Labyrinth,Romance|Horror,slow-burn
93,The Midnight Paradox,Thriller|Animation,based-on-book
94,The Forgotten Paradox,Drama|Comedy,dark|slow-burn|feel-good
95,The Frozen Labyrinth,Comedy|Animation,blockbuster
96,The Endless Voyage,Horror|Romance,slow-burn|classic|underrated
97,The Hidden Empire,Thriller,award-winning
98,The Crimson Ascension,Drama,franchise|slow-burn
99,The Distant Shadow,Romance,franchise|cult-favorite
100,The Crimson Paradox,Comedy,visually-stunning|award-winning|twist-ending
101,The Wandering Labyrinth,Animation,slow-burn|blockbuster
102,The Golden Paradox,Sci-Fi,award-winning|cult-favorite
103,The Sacred Symphony,Thriller,franchise|indie|twist-ending
104,The Frozen Shadow,Thriller,franchise|award-winning|indie
105,The Midnight Storm,Comedy,franchise
106,The Last Reckoning,Sci-Fi,underrated|family-friendly|cult-favorite
107,The Hidden Echo,Documentary,award-winning|feel-good
108,The Distant Journey,Thriller,underrated|franchise
109,The Neon Legacy,Sci-Fi|Romance,dark|classic
110,The Golden Descent,Animation,blockbuster
111,The Frozen Horizon,Thriller|Comedy,cult-favorite
112,The Golden Symphony,Thriller,award-winning|slow-burn|franchise
113,The Velvet Paradox,Fantasy|Thriller,franchise|dialogue-driven|slow-burn
114,The Endless Horizon,Documentary|Horror,twist-ending
115,The Frozen Journey,Animation|Sci-Fi,based-on-book|visually-stunning|franchise
116,The Hidden Reckoning,Thriller,franchise
117,The Last Harbor,Animation|Thriller|Comedy,slow-burn|dialogue-driven|blockbuster
118,The Golden Reckoning,Horror|Drama,cult-favorite|classic
119,The Crimson Harbor,Comedy|Thriller,blockbuster
120,The Distant Reckoning,Romance|Drama|Comedy,dialogue-driven|based-on-book|family-friendly
121,The Midnight Harbor,Romance,indie|blockbuster
122,The Endless Legacy,Comedy|Fantasy|Romance,indie|underrated
123,The Burning Harbor,Thriller,award-winning|blockbuster|family-friendly
124,The Shattered Descent,Documentary|Thriller,franchise|dark
125,The Burning Reckoning,Thriller,underrated|slow-burn
126,The Velvet Echo,Comedy|Animation|Documentary,blockbuster|award-winning
127,The Shattered Garden,Documentary|Comedy|Romance,classic|twist-ending
128,The Burning Legacy,Action,feel-good|visually-stunning|underrated
129,The Wandering Horizon,Thriller|Romance,indie
130,The Last Paradox,Drama,indie
131,The Hidden Mirage,Action,cult-favorite
132,The Quiet Journey,Thriller|Documentary,franchise
133,The Wandering Signal,Comedy|Thriller,classic
134,The Shattered Voyage,Romance,indie|underrated|award-winning
135,The Hidden Garden,Thriller|Romance,classic|feel-good
136,The Eternal Paradox,Romance|Documentary,twist-ending|feel-good
137,The Sacred Descent,Romance|Horror,indie
138,The Velvet Storm,Thriller,franchise|classic|based-on-book
139,The Last Garden,Thriller|Horror,dialogue-driven
140,The Wandering Journey,Thriller|Comedy,indie
141,The Wandering Ascension,Romance,indie|award-winning|franchise
142,The Hidden Frontier,Thriller,family-friendly
143,The Wandering Paradox,Comedy|Horror,slow-burn|based-on-book|classic
144,The Shattered Harbor,Romance|Thriller|Drama,twist-ending
145,The Burning Storm,Romance,visually-stunning|cult-favorite|underrated
146,The Neon Signal,Romance|Action|Documentary,classic
147,The Golden Echo,Thriller,slow-burn|dark
148,The Golden Shadow,Fantasy,classic
149,The Crimson Mirage,Animation|Documentary|Drama,underrated|slow-burn
150,The Wandering Symphony,Horror|Documentary,based-on-book|indie|feel-good
151,The Broken Symphony,Drama,cult-favorite|franchise
152,The Last Labyrinth,Horror|Romance,twist-ending|underrated
153,The Shattered Labyrinth,Thriller|Animation|Horror,dark
154,The Shattered Legacy,Romance|Thriller|Horror,award-winning|family-friendly|blockbuster
155,The Fractured Kingdom,Animation,blockbuster
156,The Quiet Storm,Horror|Animation,cult-favorite
157,The Broken Labyrinth,Horror|Thriller|Action,underrated|family-friendly
158,The Sacred Frontier,Thriller,franchise|family-friendly
159,The Burning Mirage,Drama,indie|cult-favorite|twist-ending
160,The Frozen Harbor,Drama|Comedy|Animation,blockbuster|family-friendly|underrated
161,The Neon Reckoning,Thriller|Comedy|Fantasy,dialogue-driven
162,The Velvet Kingdom,Romance,dark|indie
163,The Sacred Mirage,Romance|Comedy,twist-ending|family-friendly
164,The Sacred Harbor,Comedy,feel-good|visually-stunning
165,The Fractured Legacy,Drama|Comedy,visually-stunning|cult-favorite
166,The Silent Kingdom,Horror,underrated|feel-good|award-winning
167,The Forgotten Frontier,Drama|Romance,underrated
168,The Distant Kingdom,Horror,dialogue-driven
169,The Golden Signal,Fantasy|Sci-Fi|Comedy,classic|blockbuster|indie
170,The Distant Descent,Horror,indie|cult-favorite|underrated
171,The Fractured Frontier,Animation,blockbuster|indie
172,The Crimson Reckoning,Horror,cult-favorite|award-winning|underrated
173,The Frozen Symphony,Comedy,visually-stunning
174,The Velvet Ascension,Thriller,feel-good
175,The Broken Kingdom,Horror,indie|underrated|based-on-book
176,The Endless Garden,Romance,slow-burn|based-on-book
177,The Forgotten Empire,Thriller|Horror|Documentary,cult-favorite|dark
178,The Forgotten Symphony,Thriller|Comedy,award-winning
179,The Endless Echo,Animation,award-winning|classic
180,The Hidden Harbor,Thriller,twist-ending|underrated|visually-stunning
181,The Crimson Shadow,Drama,award-winning|blockbuster
182,The Forgotten Signal,Documentary|Thriller,feel-good
183,The Neon Descent,Animation,slow-burn
184,The Eternal Labyrinth,Documentary,award-winning
185,The Forgotten Kingdom,Fantasy|Thriller,family-friendly|feel-good|cult-favorite
186,The Forgotten Legacy,Romance|Thriller,slow-burn|franchise|cult-favorite
187,The Hidden Paradox,Sci-Fi|Comedy,classic
188,The Hidden Symphony,Thriller,classic|feel-good
189,The Burning Horizon,Romance,blockbuster|indie
190,The Broken Ascension,Thriller,feel-good|indie|slow-burn
191,The Wandering Frontier,Comedy,underrated|franchise
192,The Last Echo,Drama|Romance,feel-good
193,The Distant Labyrinth,Thriller|Animation,indie|feel-good
194,The Neon Labyrinth,Romance|Animation,based-on-book|visually-stunning|underrated
195,The Eternal Frontier,Horror|Romance|Animation,based-on-book|dark|feel-good
196,The Fractured Labyrinth,Thriller,dialogue-driven|slow-burn
197,The Last Journey,Documentary,franchise|feel-good
198,The Broken Harbor,Fantasy,cult-favorite|classic
199,The Last Descent,Thriller,slow-burn|twist-ending
200,The Distant Empire,Sci-Fi|Horror,dark
201,The Silent Voyage,Horror,slow-burn
202,The Burning Voyage,Thriller|Romance,dark
203,The Distant Horizon,Romance,dialogue-driven|family-friendly
204,The Silent Mirage,Thriller,underrated|award-winning|family-friendly
205,The Silent Descent,Horror|Thriller,classic
206,The Eternal Ascension,Comedy|Horror|Drama,twist-ending|dark
207,The Wandering Garden,Romance|Thriller|Drama,classic|family-friendly|visually-stunning
208,The Silent Labyrinth,Documentary,based-on-book
209,The Broken Shadow,Romance|Thriller|Horror,visually-stunning|dialogue-driven
210,The Distant Frontier,Thriller|Comedy|Sci-Fi,slow-burn|dialogue-driven
211,The Neon Frontier,Comedy,underrated
212,The Midnight Garden,Comedy,based-on-book|dialogue-driven
213,The Fractured Echo,Romance|Horror,visually-stunning|underrated|dialogue-driven
214,The Forgotten Descent,Drama,slow-burn
215,The Last Ascension,Thriller,franchise
216,The Golden Kingdom,Drama|Comedy,franchise|family-friendly
217,The Sacred Signal,Romance|Horror,underrated
218,The Burning Paradox,Drama|Thriller,classic|cult-favorite
219,The Broken Journey,Comedy|Action,family-friendly|indie|cult-favorite
220,The Silent Paradox,Thriller|Comedy|Romance,slow-burn|classic|twist-ending
221,The Shattered Frontier,Comedy|Horror,franchise|feel-good|family-friendly
222,The Golden Labyrinth,Animation|Horror,dark|dialogue-driven
223,The Silent Reckoning,Animation,classic
224,The Crimson Journey,Thriller,award-winning
225,The Golden Garden,Drama,dark|classic
226,The Endless Reckoning,Comedy,family-friendly|dark
227,The Quiet Signal,Documentary,franchise|indie|family-friendly
228,The Burning Garden,Horror|Sci-Fi,franchise|feel-good
229,The Neon Garden,Fantasy|Horror,slow-burn
230,The Silent Journey,Drama|Comedy|Romance,franchise|indie|slow-burn
231,The Golden Storm,Romance,twist-ending
232,The Sacred Reckoning,Animation,slow-burn|cult-favorite|visually-stunning
233,The Shattered Ascension,Thriller|Comedy|Drama,slow-burn|dark|visually-stunning
234,The Midnight Kingdom,Thriller,indie|family-friendly|based-on-book
235,The Endless Mirage,Fantasy|Romance,classic|underrated|cult-favorite
236,The Eternal Empire,Documentary,twist-ending
237,The Eternal Garden,Thriller|Drama,based-on-book|classic|blockbuster
238,The Endless Journey,Thriller|Animation|Romance,franchise|visually-stunning
239,The Fractured Paradox,Comedy|Drama,classic|indie|dark
240,The Golden Mirage,Animation|Comedy,indie|visually-stunning
241,The Crimson Labyrinth,Animation,blockbuster|classic|dialogue-driven
242,The Eternal Symphony,Thriller|Comedy,underrated
243,The Silent Symphony,Drama|Thriller,visually-stunning|dialogue-driven
244,The Hidden Descent,Horror|Animation|Comedy,dialogue-driven|classic|twist-ending
245,The Golden Journey,Thriller|Documentary|Romance,feel-good|family-friendly|franchise
246,The Forgotten Journey,Thriller|Fantasy,underrated|twist-ending|feel-good
247,The Fractured Garden,Comedy|Sci-Fi,indie
248,The Eternal Kingdom,Horror,cult-favorite
249,The Frozen Kingdom,Comedy|Thriller,based-on-book|visually-stunning|cult-favorite
250,The Endless Paradox,Romance|Drama,dark
